date,hour,region,road,road_type,congestion_index,duration_min,lat,lng
2025-03-27,6:00,朝阳区,西二环,普通,7.9,34,39.927587,116.452746
2025-03-27,6:00,朝阳区,北五环,高速,7.4,56,39.919324,116.431598
2025-03-27,6:00,朝阳区,北五环,高速,8.8,7,39.931743,116.442969
2025-03-27,6:00,朝阳区,南二环,高速,6.3,10,39.908919,116.439593
2025-03-27,6:00,朝阳区,东三环,普通,7.2,63,39.910353,116.439931
2025-03-27,6:00,朝阳区,北五环,高速,6.5,21,39.925479,116.441464
2025-03-27,6:00,朝阳区,北五环,高速,8.0,10,39.922763,116.43848
2025-03-27,6:00,朝阳区,西二环,普通,7.2,66,39.929486,116.445729
2025-03-27,6:00,朝阳区,建国路,普通,6.2,12,39.910027,116.458411
2025-03-27,6:00,朝阳区,阜石路,普通,10.0,66,39.921448,116.434904
2025-03-27,6:00,朝阳区,东三环,普通,8.3,31,39.925303,116.455059
2025-03-27,6:00,朝阳区,西二环,普通,8.2,47,39.925413,116.453314
2025-03-27,6:00,朝阳区,建国路,普通,6.5,20,39.921766,116.444918
2025-03-27,6:00,朝阳区,西二环,普通,7.0,6,39.925869,116.435368
2025-03-27,6:00,朝阳区,东三环,普通,7.4,24,39.927188,116.459478
2025-03-27,8:00,朝阳区,南二环,高速,5.6,112,39.907355,116.461503
2025-03-27,8:00,朝阳区,阜石路,普通,5.8,16,39.913284,116.440858
2025-03-27,8:00,朝阳区,长安街,普通,7.3,14,39.923723,116.443681
2025-03-27,8:00,朝阳区,西直门桥,普通,6.5,74,39.915625,116.435928
2025-03-27,8:00,朝阳区,东三环,普通,8.6,30,39.923191,116.449862
2025-03-27,8:00,朝阳区,西二环,普通,8.9,14,39.923305,116.432342
2025-03-27,8:00,朝阳区,西二环,普通,6.0,29,39.937325,116.435554
2025-03-27,8:00,朝阳区,西二环,普通,4.6,10,39.951036,116.451816
2025-03-27,8:00,朝阳区,北五环,高速,6.4,21,39.943333,116.447121
2025-03-27,8:00,朝阳区,阜石路,普通,7.7,27,39.941149,116.450073
2025-03-27,8:00,朝阳区,京藏高速,高速,5.8,22,39.912974,116.436771
2025-03-27,8:00,朝阳区,京藏高速,高速,9.4,13,39.933431,116.439218
2025-03-27,8:00,朝阳区,北五环,高速,6.1,10,39.923954,116.449458
2025-03-27,8:00,朝阳区,西二环,普通,6.0,50,39.925696,116.440566
2025-03-27,8:00,朝阳区,西直门桥,普通,7.2,10,39.940444,116.443065
2025-03-27,8:00,朝阳区,南二环,高速,5.8,51,39.94394,116.438383
2025-03-27,10:00,朝阳区,西直门桥,普通,4.6,19,39.911846,116.44438
2025-03-27,10:00,朝阳区,北五环,高速,9.2,78,39.912464,116.454077
2025-03-27,10:00,朝阳区,北五环,高速,6.3,56,39.904468,116.439693
2025-03-27,10:00,朝阳区,西直门桥,普通,6.4,20,39.912139,116.444349
2025-03-27,10:00,朝阳区,南二环,高速,8.1,10,39.920804,116.453062
2025-03-27,10:00,朝阳区,西直门桥,普通,7.9,33,39.904046,116.431126
2025-03-27,10:00,朝阳区,建国路,普通,6.3,46,39.899788,116.438936
2025-03-27,10:00,朝阳区,长安街,普通,9.0,14,39.92166,116.440349
2025-03-27,10:00,朝阳区,西直门桥,普通,7.9,13,39.919832,116.439033
2025-03-27,10:00,朝阳区,西二环,普通,6.2,21,39.910566,116.444696
2025-03-27,10:00,朝阳区,西直门桥,普通,8.6,68,39.935094,116.460309
2025-03-27,10:00,朝阳区,南二环,高速,7.2,11,39.922895,116.440085
2025-03-27,12:00,朝阳区,长安街,普通,7.5,58,39.933343,116.441835
2025-03-27,12:00,朝阳区,北五环,高速,8.4,13,39.912797,116.451216
2025-03-27,12:00,朝阳区,北五环,高速,7.0,58,39.931436,116.439375
2025-03-27,12:00,朝阳区,西二环,普通,7.4,19,39.94199,116.448521
2025-03-27,12:00,朝阳区,东三环,普通,6.4,33,39.918604,116.462291
2025-03-27,12:00,朝阳区,北五环,高速,8.0,33,39.920731,116.432739
2025-03-27,12:00,朝阳区,东三环,普通,7.1,17,39.931599,116.446164
2025-03-27,12:00,朝阳区,阜石路,普通,6.2,38,39.952704,116.438141
2025-03-27,12:00,朝阳区,北五环,高速,6.8,77,39.934516,116.46414
2025-03-27,12:00,朝阳区,建国路,普通,6.7,21,39.925686,116.469593
2025-03-27,12:00,朝阳区,西二环,普通,8.5,17,39.929148,116.456578
2025-03-27,14:00,朝阳区,京藏高速,高速,7.0,46,39.9208,116.436068
2025-03-27,14:00,朝阳区,机场高速,高速,8.5,17,39.925515,116.441364
2025-03-27,14:00,朝阳区,机场高速,高速,5.8,6,39.896864,116.437128
2025-03-27,14:00,朝阳区,东三环,普通,8.7,73,39.910913,116.429664
2025-03-27,14:00,朝阳区,南二环,高速,4.0,49,39.92005,116.446468
2025-03-27,14:00,朝阳区,建国路,普通,7.0,49,39.923281,116.441162
2025-03-27,14:00,朝阳区,机场高速,高速,7.1,167,39.920884,116.463179
2025-03-27,14:00,朝阳区,南二环,高速,5.1,50,39.93146,116.43717
2025-03-27,14:00,朝阳区,机场高速,高速,7.3,15,39.911779,116.432169
2025-03-27,14:00,朝阳区,建国路,普通,4.8,39,39.917797,116.428744
2025-03-27,16:00,朝阳区,建国路,普通,8.4,12,39.922895,116.445887
2025-03-27,16:00,朝阳区,长安街,普通,6.8,64,39.92938,116.440124
2025-03-27,16:00,朝阳区,机场高速,高速,8.7,11,39.937076,116.446112
2025-03-27,16:00,朝阳区,机场高速,高速,7.2,19,39.911091,116.445104
2025-03-27,16:00,朝阳区,东三环,普通,6.6,8,39.918729,116.462014
2025-03-27,16:00,朝阳区,西直门桥,普通,8.9,59,39.907854,116.451377
2025-03-27,16:00,朝阳区,西二环,普通,5.8,15,39.943712,116.429385
2025-03-27,16:00,朝阳区,西二环,普通,7.6,8,39.91306,116.462851
2025-03-27,16:00,朝阳区,京藏高速,高速,5.1,37,39.922883,116.43647
2025-03-27,16:00,朝阳区,南二环,高速,10.0,21,39.94486,116.44867
2025-03-27,16:00,朝阳区,京藏高速,高速,10.0,32,39.918795,116.431265
2025-03-27,16:00,朝阳区,机场高速,高速,6.0,30,39.898284,116.441429
2025-03-27,16:00,朝阳区,南二环,高速,8.1,10,39.912221,116.445259
2025-03-27,16:00,朝阳区,机场高速,高速,8.3,8,39.912282,116.461758
2025-03-27,16:00,朝阳区,西直门桥,普通,6.3,9,39.906872,116.43791
2025-03-27,16:00,朝阳区,京藏高速,高速,9.6,11,39.924803,116.45608
2025-03-27,18:00,朝阳区,北五环,高速,6.0,91,39.922214,116.44097
2025-03-27,18:00,朝阳区,阜石路,普通,6.2,49,39.913101,116.434751
2025-03-27,18:00,朝阳区,南二环,高速,7.8,41,39.921955,116.447938
2025-03-27,18:00,朝阳区,京藏高速,高速,5.6,30,39.927734,116.419197
2025-03-27,18:00,朝阳区,建国路,普通,7.8,122,39.924318,116.438706
2025-03-27,18:00,朝阳区,东三环,普通,8.7,12,39.923276,116.443742
2025-03-27,18:00,朝阳区,南二环,高速,4.9,12,39.93017,116.441914
2025-03-27,18:00,朝阳区,阜石路,普通,10.0,6,39.933374,116.444227
2025-03-27,18:00,朝阳区,西二环,普通,8.7,29,39.920827,116.43706
2025-03-27,18:00,朝阳区,长安街,普通,4.8,38,39.909524,116.432467
2025-03-27,18:00,朝阳区,西二环,普通,7.6,19,39.91198,116.440578
2025-03-27,18:00,朝阳区,西直门桥,普通,8.2,7,39.917968,116.448237
2025-03-27,18:00,朝阳区,阜石路,普通,7.8,26,39.919747,116.445725
2025-03-27,18:00,朝阳区,京藏高速,高速,3.0,49,39.947659,116.434843
2025-03-27,18:00,朝阳区,南二环,高速,8.2,42,39.918569,116.457212
2025-03-27,20:00,朝阳区,机场高速,高速,9.7,41,39.928954,116.445257
2025-03-27,20:00,朝阳区,阜石路,普通,8.1,60,39.916229,116.434016
2025-03-27,20:00,朝阳区,东三环,普通,5.4,23,39.912944,116.445009
2025-03-27,20:00,朝阳区,机场高速,高速,7.6,168,39.918502,116.442525
2025-03-27,20:00,朝阳区,京藏高速,高速,5.4,5,39.920014,116.432584
2025-03-27,20:00,朝阳区,北五环,高速,8.3,44,39.907682,116.448852
2025-03-27,20:00,朝阳区,西直门桥,普通,6.5,14,39.921386,116.452636
2025-03-27,20:00,朝阳区,西直门桥,普通,7.0,86,39.924725,116.44928
2025-03-27,20:00,朝阳区,阜石路,普通,6.7,10,39.909963,116.430139
2025-03-27,20:00,朝阳区,西直门桥,普通,7.4,12,39.936915,116.431663
2025-03-27,20:00,朝阳区,建国路,普通,4.3,5,39.918965,116.42654
2025-03-27,22:00,朝阳区,长安街,普通,6.0,16,39.916984,116.436058
2025-03-27,22:00,朝阳区,机场高速,高速,8.8,48,39.92225,116.445191
2025-03-27,22:00,朝阳区,西二环,普通,6.6,38,39.914755,116.455139
2025-03-27,22:00,朝阳区,长安街,普通,6.8,37,39.903485,116.429933
2025-03-27,22:00,朝阳区,东三环,普通,7.2,42,39.919275,116.43693
2025-03-27,22:00,朝阳区,北五环,高速,6.9,8,39.918982,116.451495
2025-03-27,22:00,朝阳区,西二环,普通,5.9,16,39.924158,116.452494
2025-03-27,22:00,朝阳区,西二环,普通,8.0,18,39.937128,116.462747
2025-03-27,22:00,朝阳区,北五环,高速,5.1,5,39.912562,116.429957
2025-03-27,22:00,朝阳区,西直门桥,普通,6.1,48,39.907676,116.445441
2025-03-27,22:00,朝阳区,北五环,高速,6.9,15,39.922576,116.452494
2025-03-27,22:00,朝阳区,东三环,普通,6.1,11,39.931072,116.453992
2025-03-27,22:00,朝阳区,机场高速,高速,6.9,42,39.924483,116.450834
2025-03-27,22:00,朝阳区,长安街,普通,8.7,7,39.921429,116.428051
2025-03-27,22:00,朝阳区,西二环,普通,6.3,17,39.917238,116.441856
2025-03-27,22:00,朝阳区,西二环,普通,6.1,15,39.913457,116.435451
2025-03-27,22:00,朝阳区,西二环,普通,7.4,68,39.914098,116.456144
2025-03-27,22:00,朝阳区,西直门桥,普通,7.8,29,39.905909,116.440069
2025-03-27,22:00,朝阳区,机场高速,高速,6.1,29,39.897355,116.451551
2025-03-27,6:00,海淀区,长安街,普通,5.8,7,39.961378,116.311937
2025-03-27,6:00,海淀区,京藏高速,高速,6.0,84,39.941468,116.322992
2025-03-27,6:00,海淀区,东三环,普通,7.4,59,39.957293,116.316006
2025-03-27,6:00,海淀区,机场高速,高速,7.1,28,39.942452,116.312366
2025-03-27,6:00,海淀区,建国路,普通,5.7,14,39.975049,116.309249
2025-03-27,6:00,海淀区,西直门桥,普通,9.8,57,39.936397,116.308826
2025-03-27,6:00,海淀区,西二环,普通,5.9,41,39.973416,116.307959
2025-03-27,6:00,海淀区,京藏高速,高速,5.8,15,39.966522,116.311705
2025-03-27,6:00,海淀区,京藏高速,高速,3.6,24,39.962893,116.286666
2025-03-27,6:00,海淀区,长安街,普通,8.7,7,39.939318,116.298854
2025-03-27,6:00,海淀区,机场高速,高速,7.8,11,39.954906,116.313095
2025-03-27,6:00,海淀区,东三环,普通,5.2,122,39.952981,116.324809
2025-03-27,6:00,海淀区,东三环,普通,3.7,10,39.952335,116.297429
2025-03-27,6:00,海淀区,西直门桥,普通,8.5,7,39.956183,116.320725
2025-03-27,6:00,海淀区,东三环,普通,6.5,49,39.966377,116.306546
2025-03-27,6:00,海淀区,京藏高速,高速,5.6,10,39.94852,116.315026
2025-03-27,6:00,海淀区,阜石路,普通,7.1,57,39.958061,116.31648
2025-03-27,8:00,海淀区,北五环,高速,5.2,26,39.952453,116.321997
2025-03-27,8:00,海淀区,西二环,普通,7.4,66,39.961973,116.310143
2025-03-27,8:00,海淀区,京藏高速,高速,5.4,34,39.957277,116.305939
2025-03-27,8:00,海淀区,阜石路,普通,5.6,24,39.949984,116.305589
2025-03-27,8:00,海淀区,长安街,普通,9.5,8,39.94071,116.31588
2025-03-27,8:00,海淀区,西二环,普通,7.5,7,39.935809,116.316465
2025-03-27,8:00,海淀区,西二环,普通,6.9,52,39.955614,116.325883
2025-03-27,8:00,海淀区,长安街,普通,6.9,61,39.951018,116.306024
2025-03-27,8:00,海淀区,阜石路,普通,7.0,79,39.945849,116.308726
2025-03-27,8:00,海淀区,机场高速,高速,7.3,12,39.964882,116.297855
2025-03-27,8:00,海淀区,西二环,普通,6.2,51,39.963986,116.305456
2025-03-27,8:00,海淀区,西直门桥,普通,8.1,54,39.964967,116.300685
2025-03-27,8:00,海淀区,机场高速,高速,8.8,13,39.94634,116.319719
2025-03-27,8:00,海淀区,长安街,普通,6.1,36,39.955912,116.311353
2025-03-27,8:00,海淀区,西二环,普通,8.6,33,39.958311,116.31214
2025-03-27,8:00,海淀区,机场高速,高速,7.3,5,39.965278,116.294989
2025-03-27,10:00,海淀区,京藏高速,高速,5.9,46,39.959754,116.30429
2025-03-27,10:00,海淀区,东三环,普通,8.6,88,39.963685,116.309873
2025-03-27,10:00,海淀区,北五环,高速,5.6,57,39.949933,116.307217
2025-03-27,10:00,海淀区,阜石路,普通,6.6,45,39.959682,116.304989
2025-03-27,10:00,海淀区,西二环,普通,7.6,5,39.945122,116.305767
2025-03-27,10:00,海淀区,机场高速,高速,6.7,6,39.950595,116.311876
2025-03-27,10:00,海淀区,东三环,普通,6.4,58,39.961466,116.309559
2025-03-27,10:00,海淀区,东三环,普通,8.3,29,39.95846,116.308652
2025-03-27,10:00,海淀区,北五环,高速,6.7,42,39.951172,116.307904
2025-03-27,10:00,海淀区,东三环,普通,6.2,8,39.956933,116.338822
2025-03-27,10:00,海淀区,建国路,普通,6.4,35,39.960905,116.329177
2025-03-27,12:00,海淀区,长安街,普通,5.8,9,39.966476,116.303744
2025-03-27,12:00,海淀区,阜石路,普通,6.1,31,39.943864,116.305759
2025-03-27,12:00,海淀区,西直门桥,普通,5.1,13,39.951612,116.308998
2025-03-27,12:00,海淀区,南二环,高速,10.0,25,39.945956,116.320699
2025-03-27,12:00,海淀区,建国路,普通,5.2,12,39.958171,116.306424
2025-03-27,12:00,海淀区,西直门桥,普通,8.2,63,39.952519,116.322589
2025-03-27,12:00,海淀区,建国路,普通,7.5,24,39.980917,116.311712
2025-03-27,12:00,海淀区,东三环,普通,10.0,19,39.962985,116.309128
2025-03-27,12:00,海淀区,京藏高速,高速,6.2,19,39.971103,116.306446
2025-03-27,12:00,海淀区,北五环,高速,7.8,15,39.946589,116.30106
2025-03-27,12:00,海淀区,建国路,普通,7.0,63,39.956176,116.314323
2025-03-27,14:00,海淀区,西直门桥,普通,8.4,39,39.964898,116.309511
2025-03-27,14:00,海淀区,机场高速,高速,8.7,88,39.941277,116.313339
2025-03-27,14:00,海淀区,南二环,高速,9.0,38,39.950497,116.313094
2025-03-27,14:00,海淀区,长安街,普通,7.0,11,39.967259,116.337494
2025-03-27,14:00,海淀区,东三环,普通,6.0,49,39.977603,116.296529
2025-03-27,14:00,海淀区,机场高速,高速,6.9,31,39.96395,116.305555
2025-03-27,14:00,海淀区,阜石路,普通,6.5,88,39.942146,116.335939
2025-03-27,14:00,海淀区,西二环,普通,8.6,24,39.95564,116.310867
2025-03-27,14:00,海淀区,机场高速,高速,9.2,25,39.961259,116.323692
2025-03-27,14:00,海淀区,京藏高速,高速,5.0,78,39.953823,116.297579
2025-03-27,14:00,海淀区,建国路,普通,8.4,17,39.959447,116.318367
2025-03-27,14:00,海淀区,京藏高速,高速,5.8,59,39.950311,116.313662
2025-03-27,14:00,海淀区,南二环,高速,6.6,60,39.949786,116.307846
2025-03-27,14:00,海淀区,西直门桥,普通,8.7,35,39.959617,116.298118
2025-03-27,14:00,海淀区,机场高速,高速,6.3,12,39.960557,116.314364
2025-03-27,16:00,海淀区,京藏高速,高速,8.6,5,39.959211,116.299125
2025-03-27,16:00,海淀区,机场高速,高速,7.5,13,39.972773,116.302
2025-03-27,16:00,海淀区,阜石路,普通,7.3,12,39.968241,116.296219
2025-03-27,16:00,海淀区,长安街,普通,6.5,47,39.967811,116.302296
2025-03-27,16:00,海淀区,东三环,普通,5.6,28,39.96262,116.322324
2025-03-27,16:00,海淀区,建国路,普通,5.0,118,39.941443,116.322856
2025-03-27,16:00,海淀区,阜石路,普通,7.6,30,39.962165,116.307127
2025-03-27,16:00,海淀区,阜石路,普通,10.0,14,39.955666,116.300331
2025-03-27,16:00,海淀区,东三环,普通,7.2,58,39.952715,116.298168
2025-03-27,16:00,海淀区,西直门桥,普通,5.5,8,39.971614,116.304985
2025-03-27,16:00,海淀区,东三环,普通,9.2,24,39.97342,116.301686
2025-03-27,16:00,海淀区,西直门桥,普通,8.0,40,39.956145,116.305154
2025-03-27,16:00,海淀区,机场高速,高速,5.2,26,39.953972,116.314789
2025-03-27,16:00,海淀区,西二环,普通,6.6,11,39.981586,116.294627
2025-03-27,16:00,海淀区,西二环,普通,7.1,67,39.952815,116.305707
2025-03-27,16:00,海淀区,建国路,普通,6.7,12,39.94695,116.310405
2025-03-27,18:00,海淀区,京藏高速,高速,8.9,32,39.961901,116.318863
2025-03-27,18:00,海淀区,长安街,普通,8.0,68,39.962104,116.321367
2025-03-27,18:00,海淀区,机场高速,高速,7.3,114,39.957063,116.311249
2025-03-27,18:00,海淀区,西二环,普通,6.8,11,39.959365,116.301896
2025-03-27,18:00,海淀区,阜石路,普通,6.5,13,39.96875,116.306163
2025-03-27,18:00,海淀区,阜石路,普通,5.1,17,39.963821,116.318887
2025-03-27,18:00,海淀区,西直门桥,普通,8.1,50,39.960983,116.309367
2025-03-27,18:00,海淀区,西二环,普通,7.9,18,39.953033,116.300161
2025-03-27,18:00,海淀区,阜石路,普通,6.9,48,39.979633,116.311148
2025-03-27,18:00,海淀区,京藏高速,高速,8.5,5,39.955895,116.328299
2025-03-27,18:00,海淀区,西二环,普通,8.4,85,39.971164,116.303688
2025-03-27,18:00,海淀区,西二环,普通,7.3,8,39.979134,116.315184
2025-03-27,18:00,海淀区,西直门桥,普通,6.3,9,39.97047,116.318812
2025-03-27,20:00,海淀区,南二环,高速,9.7,13,39.966673,116.318194
2025-03-27,20:00,海淀区,长安街,普通,6.2,68,39.940388,116.319789
2025-03-27,20:00,海淀区,长安街,普通,6.4,106,39.946169,116.334898
2025-03-27,20:00,海淀区,北五环,高速,9.5,50,39.962993,116.314035
2025-03-27,20:00,海淀区,西二环,普通,10.0,5,39.943459,116.308258
2025-03-27,20:00,海淀区,长安街,普通,5.2,51,39.962135,116.314071
2025-03-27,20:00,海淀区,西直门桥,普通,4.7,7,39.944632,116.316124
2025-03-27,20:00,海淀区,东三环,普通,5.3,16,39.954372,116.29693
2025-03-27,20:00,海淀区,建国路,普通,9.4,22,39.927609,116.316087
2025-03-27,20:00,海淀区,京藏高速,高速,7.5,12,39.950708,116.324718
2025-03-27,20:00,海淀区,西直门桥,普通,9.1,21,39.94375,116.308879
2025-03-27,20:00,海淀区,机场高速,高速,5.7,114,39.965841,116.316167
2025-03-27,20:00,海淀区,南二环,高速,4.3,7,39.964038,116.317249
2025-03-27,20:00,海淀区,南二环,高速,7.3,46,39.941844,116.320968
2025-03-27,20:00,海淀区,西二环,普通,5.0,50,39.941482,116.311041
2025-03-27,22:00,海淀区,建国路,普通,8.9,128,39.96093,116.314183
2025-03-27,22:00,海淀区,建国路,普通,6.2,16,39.955647,116.301782
2025-03-27,22:00,海淀区,北五环,高速,6.1,23,39.937063,116.296065
2025-03-27,22:00,海淀区,建国路,普通,5.0,49,39.964843,116.322963
2025-03-27,22:00,海淀区,东三环,普通,7.4,152,39.944078,116.30237
2025-03-27,22:00,海淀区,京藏高速,高速,6.5,21,39.944167,116.319493
2025-03-27,22:00,海淀区,北五环,高速,8.9,63,39.961948,116.315442
2025-03-27,22:00,海淀区,东三环,普通,7.3,12,39.955619,116.30376
2025-03-27,22:00,海淀区,阜石路,普通,5.3,18,39.95888,116.294101
2025-03-27,22:00,海淀区,阜石路,普通,5.9,23,39.974607,116.311995
2025-03-27,22:00,海淀区,西直门桥,普通,5.1,35,39.95579,116.319057
2025-03-27,22:00,海淀区,北五环,高速,6.0,30,39.966596,116.30135
2025-03-27,22:00,海淀区,阜石路,普通,7.7,5,39.942032,116.293839
2025-03-27,22:00,海淀区,长安街,普通,7.5,87,39.956091,116.315057
2025-03-27,22:00,海淀区,北五环,高速,8.4,12,39.937793,116.304068
2025-03-27,22:00,海淀区,机场高速,高速,4.1,52,39.965279,116.316243
2025-03-27,22:00,海淀区,阜石路,普通,3.9,13,39.93699,116.32637
2025-03-27,22:00,海淀区,建国路,普通,5.2,27,39.959315,116.293028
2025-03-27,22:00,海淀区,阜石路,普通,5.7,28,39.955707,116.312099
2025-03-27,6:00,西城区,阜石路,普通,7.2,136,39.909109,116.358027
2025-03-27,6:00,西城区,东三环,普通,6.7,13,39.90942,116.364388
2025-03-27,6:00,西城区,北五环,高速,6.9,31,39.918264,116.35588
2025-03-27,6:00,西城区,东三环,普通,7.8,13,39.917921,116.377495
2025-03-27,6:00,西城区,东三环,普通,4.9,111,39.914119,116.36783
2025-03-27,6:00,西城区,南二环,高速,8.1,11,39.890356,116.36413
2025-03-27,6:00,西城区,机场高速,高速,8.4,6,39.902869,116.353925
2025-03-27,6:00,西城区,京藏高速,高速,6.9,68,39.909709,116.365019
2025-03-27,6:00,西城区,南二环,高速,7.2,58,39.90434,116.368793
2025-03-27,6:00,西城区,阜石路,普通,7.7,9,39.91422,116.361562
2025-03-27,6:00,西城区,长安街,普通,7.5,19,39.912812,116.360188
2025-03-27,8:00,西城区,西二环,普通,7.4,91,39.911757,116.360386
2025-03-27,8:00,西城区,机场高速,高速,7.7,72,39.929138,116.374406
2025-03-27,8:00,西城区,机场高速,高速,5.8,105,39.898996,116.351269
2025-03-27,8:00,西城区,阜石路,普通,6.2,6,39.911174,116.365058
2025-03-27,8:00,西城区,东三环,普通,6.0,9,39.901097,116.359397
2025-03-27,8:00,西城区,西二环,普通,7.5,32,39.912901,116.368758
2025-03-27,8:00,西城区,机场高速,高速,5.1,77,39.90062,116.358825
2025-03-27,8:00,西城区,京藏高速,高速,7.1,10,39.900194,116.37559
2025-03-27,8:00,西城区,西二环,普通,7.8,24,39.911777,116.373616
2025-03-27,8:00,西城区,阜石路,普通,7.0,59,39.940748,116.383608
2025-03-27,8:00,西城区,京藏高速,高速,9.7,37,39.902991,116.370577
2025-03-27,8:00,西城区,西直门桥,普通,9.3,41,39.926488,116.366304
2025-03-27,8:00,西城区,机场高速,高速,5.0,36,39.904301,116.362283
2025-03-27,8:00,西城区,西二环,普通,3.9,81,39.919687,116.366021
2025-03-27,8:00,西城区,西二环,普通,6.9,33,39.908474,116.37118
2025-03-27,8:00,西城区,长安街,普通,7.8,59,39.907657,116.378472
2025-03-27,8:00,西城区,机场高速,高速,7.8,13,39.924082,116.357024
2025-03-27,10:00,西城区,西直门桥,普通,8.7,46,39.93446,116.374161
2025-03-27,10:00,西城区,建国路,普通,5.4,77,39.90297,116.37375
2025-03-27,10:00,西城区,南二环,高速,7.9,17,39.925359,116.36104
2025-03-27,10:00,西城区,京藏高速,高速,5.6,47,39.920362,116.372115
2025-03-27,10:00,西城区,西直门桥,普通,7.9,48,39.915688,116.364578
2025-03-27,10:00,西城区,阜石路,普通,7.4,14,39.90802,116.351437
2025-03-27,10:00,西城区,南二环,高速,6.6,7,39.920477,116.378667
2025-03-27,10:00,西城区,西二环,普通,6.2,17,39.905117,116.378632
2025-03-27,10:00,西城区,北五环,高速,7.9,8,39.914241,116.353921
2025-03-27,10:00,西城区,东三环,普通,7.2,62,39.909442,116.361937
2025-03-27,10:00,西城区,北五环,高速,9.8,35,39.919037,116.372693
2025-03-27,12:00,西城区,长安街,普通,9.0,44,39.931268,116.372305
2025-03-27,12:00,西城区,长安街,普通,10.0,16,39.899345,116.357809
2025-03-27,12:00,西城区,长安街,普通,4.5,35,39.913174,116.378425
2025-03-27,12:00,西城区,北五环,高速,7.8,17,39.910138,116.367346
2025-03-27,12:00,西城区,南二环,高速,5.1,36,39.92136,116.3732
2025-03-27,12:00,西城区,北五环,高速,5.9,82,39.918823,116.369079
2025-03-27,12:00,西城区,京藏高速,高速,7.7,43,39.891734,116.37304
2025-03-27,12:00,西城区,西直门桥,普通,8.0,33,39.914226,116.374709
2025-03-27,12:00,西城区,阜石路,普通,7.7,12,39.917263,116.373445
2025-03-27,12:00,西城区,南二环,高速,7.1,14,39.926526,116.355966
2025-03-27,12:00,西城区,南二环,高速,7.3,34,39.915666,116.366295
2025-03-27,12:00,西城区,西二环,普通,7.7,12,39.918132,116.389689
2025-03-27,14:00,西城区,西二环,普通,9.9,5,39.91038,116.356862
2025-03-27,14:00,西城区,机场高速,高速,8.0,38,39.918127,116.355943
2025-03-27,14:00,西城区,西二环,普通,6.4,13,39.918122,116.38306
2025-03-27,14:00,西城区,阜石路,普通,9.2,5,39.922795,116.374854
2025-03-27,14:00,西城区,阜石路,普通,8.7,12,39.899353,116.375229
2025-03-27,14:00,西城区,建国路,普通,8.2,30,39.914228,116.367928
2025-03-27,14:00,西城区,北五环,高速,6.4,20,39.933501,116.363812
2025-03-27,14:00,西城区,阜石路,普通,8.5,8,39.927814,116.371594
2025-03-27,14:00,西城区,长安街,普通,6.7,87,39.906308,116.36139
2025-03-27,14:00,西城区,京藏高速,高速,9.0,9,39.894703,116.346549
2025-03-27,14:00,西城区,西直门桥,普通,9.0,52,39.917525,116.359391
2025-03-27,14:00,西城区,东三环,普通,7.3,9,39.904682,116.352121
2025-03-27,14:00,西城区,京藏高速,高速,3.0,18,39.925666,116.386454
2025-03-27,14:00,西城区,阜石路,普通,6.1,12,39.904652,116.36419
2025-03-27,14:00,西城区,西直门桥,普通,6.3,64,39.895282,116.359524
2025-03-27,14:00,西城区,阜石路,普通,7.7,93,39.911591,116.365212
2025-03-27,16:00,西城区,机场高速,高速,6.1,18,39.906314,116.382576
2025-03-27,16:00,西城区,西二环,普通,6.8,53,39.92059,116.354982
2025-03-27,16:00,西城区,南二环,高速,7.7,33,39.915446,116.373835
2025-03-27,16:00,西城区,西直门桥,普通,7.9,12,39.896155,116.359973
2025-03-27,16:00,西城区,西二环,普通,5.7,68,39.925916,116.367939
2025-03-27,16:00,西城区,东三环,普通,7.2,11,39.916751,116.358455
2025-03-27,16:00,西城区,长安街,普通,5.3,41,39.911854,116.371409
2025-03-27,16:00,西城区,东三环,普通,5.4,7,39.90609,116.34827
2025-03-27,16:00,西城区,机场高速,高速,6.6,45,39.904629,116.346124
2025-03-27,16:00,西城区,南二环,高速,7.1,10,39.914751,116.361804
2025-03-27,16:00,西城区,西二环,普通,6.9,51,39.915893,116.367628
2025-03-27,18:00,西城区,西二环,普通,8.9,5,39.921337,116.353005
2025-03-27,18:00,西城区,东三环,普通,7.5,11,39.920209,116.369533
2025-03-27,18:00,西城区,阜石路,普通,5.1,79,39.911475,116.355391
2025-03-27,18:00,西城区,长安街,普通,7.8,46,39.926046,116.381905
2025-03-27,18:00,西城区,南二环,高速,5.7,50,39.944812,116.353984
2025-03-27,18:00,西城区,西直门桥,普通,5.7,41,39.902515,116.360077
2025-03-27,18:00,西城区,西二环,普通,10.0,66,39.9103,116.357907
2025-03-27,18:00,西城区,阜石路,普通,8.1,22,39.917873,116.370256
2025-03-27,18:00,西城区,南二环,高速,6.7,138,39.905218,116.360826
2025-03-27,18:00,西城区,阜石路,普通,7.4,22,39.930768,116.360494
2025-03-27,18:00,西城区,机场高速,高速,6.1,22,39.897589,116.367857
2025-03-27,18:00,西城区,建国路,普通,6.7,65,39.902992,116.355289
2025-03-27,18:00,西城区,西直门桥,普通,7.4,16,39.904519,116.361783
2025-03-27,18:00,西城区,长安街,普通,9.0,74,39.900111,116.366918
2025-03-27,18:00,西城区,建国路,普通,7.1,14,39.913236,116.348233
2025-03-27,18:00,西城区,东三环,普通,4.5,43,39.913847,116.357299
2025-03-27,18:00,西城区,西二环,普通,7.0,5,39.900995,116.385456
2025-03-27,18:00,西城区,长安街,普通,8.0,7,39.911667,116.366623
2025-03-27,20:00,西城区,西直门桥,普通,8.5,55,39.919669,116.363245
2025-03-27,20:00,西城区,建国路,普通,6.0,12,39.906757,116.376316
2025-03-27,20:00,西城区,西二环,普通,7.9,12,39.914395,116.37458
2025-03-27,20:00,西城区,阜石路,普通,7.9,63,39.913855,116.361009
2025-03-27,20:00,西城区,东三环,普通,7.7,91,39.914548,116.380908
2025-03-27,20:00,西城区,机场高速,高速,8.0,17,39.905015,116.387103
2025-03-27,20:00,西城区,北五环,高速,6.0,13,39.916889,116.361971
2025-03-27,20:00,西城区,东三环,普通,6.5,23,39.90956,116.376163
2025-03-27,20:00,西城区,长安街,普通,6.9,21,39.916979,116.378311
2025-03-27,20:00,西城区,东三环,普通,7.9,127,39.900177,116.364182
2025-03-27,22:00,西城区,建国路,普通,7.1,5,39.90482,116.367099
2025-03-27,22:00,西城区,阜石路,普通,9.5,6,39.904623,116.359937
2025-03-27,22:00,西城区,机场高速,高速,8.1,8,39.904987,116.365189
2025-03-27,22:00,西城区,阜石路,普通,6.4,28,39.908994,116.351972
2025-03-27,22:00,西城区,建国路,普通,5.4,25,39.912949,116.3716
2025-03-27,22:00,西城区,东三环,普通,5.5,12,39.906307,116.355703
2025-03-27,22:00,西城区,机场高速,高速,5.5,11,39.918254,116.360767
2025-03-27,22:00,西城区,西直门桥,普通,6.9,74,39.911802,116.364145
2025-03-27,22:00,西城区,京藏高速,高速,8.2,7,39.922034,116.360085
2025-03-27,22:00,西城区,南二环,高速,6.5,21,39.919563,116.353183
2025-03-27,22:00,西城区,西直门桥,普通,7.8,11,39.917198,116.362749
2025-03-27,22:00,西城区,长安街,普通,5.2,34,39.923108,116.373144
2025-03-27,22:00,西城区,东三环,普通,6.9,73,39.917395,116.37178
2025-03-27,22:00,西城区,北五环,高速,6.5,11,39.914936,116.369215
2025-03-27,22:00,西城区,北五环,高速,6.3,75,39.900652,116.366877
2025-03-27,22:00,西城区,长安街,普通,7.5,19,39.927077,116.386279
2025-03-27,6:00,东城区,西二环,普通,6.0,33,39.932051,116.405192
2025-03-27,6:00,东城区,北五环,高速,6.6,50,39.912417,116.416819
2025-03-27,6:00,东城区,西直门桥,普通,7.6,15,39.924047,116.400453
2025-03-27,6:00,东城区,东三环,普通,7.3,33,39.944369,116.416683
2025-03-27,6:00,东城区,西二环,普通,8.3,5,39.923023,116.404106
2025-03-27,6:00,东城区,机场高速,高速,8.0,63,39.937032,116.421377
2025-03-27,6:00,东城区,长安街,普通,8.4,36,39.937002,116.415782
2025-03-27,6:00,东城区,西二环,普通,5.8,16,39.930667,116.41779
2025-03-27,6:00,东城区,南二环,高速,7.6,13,39.920829,116.417159
2025-03-27,6:00,东城区,北五环,高速,7.6,7,39.939719,116.398788
2025-03-27,6:00,东城区,西二环,普通,7.0,19,39.918621,116.420257
2025-03-27,6:00,东城区,机场高速,高速,4.9,25,39.929665,116.427982
2025-03-27,6:00,东城区,京藏高速,高速,6.4,24,39.924248,116.414339
2025-03-27,6:00,东城区,西直门桥,普通,8.1,18,39.927658,116.413284
2025-03-27,6:00,东城区,机场高速,高速,5.6,11,39.933444,116.419051
2025-03-27,8:00,东城区,北五环,高速,5.7,22,39.935924,116.429312
2025-03-27,8:00,东城区,长安街,普通,7.9,16,39.932688,116.417001
2025-03-27,8:00,东城区,长安街,普通,8.9,7,39.953595,116.421563
2025-03-27,8:00,东城区,北五环,高速,6.2,6,39.91555,116.423061
2025-03-27,8:00,东城区,机场高速,高速,6.7,168,39.944287,116.432031
2025-03-27,8:00,东城区,北五环,高速,10.0,38,39.937372,116.411752
2025-03-27,8:00,东城区,西二环,普通,9.0,17,39.925094,116.420765
2025-03-27,8:00,东城区,京藏高速,高速,5.5,49,39.928762,116.416676
2025-03-27,8:00,东城区,西二环,普通,4.9,15,39.927144,116.438327
2025-03-27,8:00,东城区,机场高速,高速,10.0,57,39.943157,116.415928
2025-03-27,8:00,东城区,长安街,普通,5.6,81,39.93091,116.422179
2025-03-27,8:00,东城区,机场高速,高速,6.2,40,39.916751,116.395133
2025-03-27,8:00,东城区,南二环,高速,6.4,53,39.929691,116.427802
2025-03-27,8:00,东城区,建国路,普通,8.3,29,39.923376,116.42922
2025-03-27,8:00,东城区,西直门桥,普通,6.7,27,39.928221,116.403265
2025-03-27,8:00,东城区,京藏高速,高速,8.0,5,39.925709,116.413579
2025-03-27,10:00,东城区,西二环,普通,8.3,143,39.929318,116.40335
2025-03-27,10:00,东城区,长安街,普通,6.3,14,39.937057,116.420455
2025-03-27,10:00,东城区,东三环,普通,6.7,92,39.91978,116.41393
2025-03-27,10:00,东城区,长安街,普通,7.9,53,39.928802,116.407885
2025-03-27,10:00,东城区,西二环,普通,7.3,55,39.919846,116.402196
2025-03-27,10:00,东城区,京藏高速,高速,9.0,7,39.941733,116.420343
2025-03-27,10:00,东城区,京藏高速,高速,8.9,67,39.928442,116.419753
2025-03-27,10:00,东城区,机场高速,高速,5.5,28,39.909339,116.432926
2025-03-27,10:00,东城区,东三环,普通,6.7,6,39.928986,116.422814
2025-03-27,10:00,东城区,长安街,普通,7.2,41,39.92684,116.40693
2025-03-27,10:00,东城区,西二环,普通,9.5,54,39.919195,116.412533
2025-03-27,10:00,东城区,建国路,普通,6.0,106,39.931258,116.412333
2025-03-27,10:00,东城区,东三环,普通,3.0,60,39.914992,116.4162
2025-03-27,10:00,东城区,机场高速,高速,7.8,65,39.936617,116.415009
2025-03-27,10:00,东城区,东三环,普通,7.0,5,39.933032,116.422517
2025-03-27,12:00,东城区,西直门桥,普通,5.8,61,39.926975,116.408326
2025-03-27,12:00,东城区,东三环,普通,4.0,19,39.944209,116.413504
2025-03-27,12:00,东城区,阜石路,普通,6.8,8,39.958551,116.412491
2025-03-27,12:00,东城区,京藏高速,高速,3.6,53,39.939955,116.407222
2025-03-27,12:00,东城区,机场高速,高速,5.5,36,39.914042,116.412907
2025-03-27,12:00,东城区,京藏高速,高速,5.5,27,39.928245,116.406378
2025-03-27,12:00,东城区,西直门桥,普通,8.6,26,39.921362,116.420843
2025-03-27,12:00,东城区,京藏高速,高速,4.4,40,39.929238,116.420107
2025-03-27,12:00,东城区,机场高速,高速,5.9,62,39.92912,116.41687
2025-03-27,12:00,东城区,长安街,普通,5.3,51,39.914592,116.409474
2025-03-27,12:00,东城区,长安街,普通,6.9,51,39.947526,116.426122
2025-03-27,12:00,东城区,西二环,普通,6.6,77,39.919472,116.422441
2025-03-27,12:00,东城区,南二环,高速,9.3,18,39.911176,116.404827
2025-03-27,12:00,东城区,建国路,普通,7.0,9,39.935119,116.404325
2025-03-27,12:00,东城区,长安街,普通,6.8,64,39.930871,116.432736
2025-03-27,12:00,东城区,北五环,高速,9.5,10,39.936799,116.430945
2025-03-27,12:00,东城区,长安街,普通,4.8,50,39.91694,116.414574
2025-03-27,14:00,东城区,西直门桥,普通,7.9,61,39.943167,116.425677
2025-03-27,14:00,东城区,京藏高速,高速,6.4,30,39.926901,116.417519
2025-03-27,14:00,东城区,北五环,高速,3.7,45,39.936004,116.405086
2025-03-27,14:00,东城区,京藏高速,高速,7.0,32,39.916066,116.406264
2025-03-27,14:00,东城区,西直门桥,普通,3.6,27,39.938645,116.431309
2025-03-27,14:00,东城区,东三环,普通,9.0,6,39.937789,116.40687
2025-03-27,14:00,东城区,东三环,普通,6.1,17,39.94516,116.410265
2025-03-27,14:00,东城区,西直门桥,普通,7.4,73,39.940167,116.413112
2025-03-27,14:00,东城区,西直门桥,普通,6.1,6,39.935298,116.435698
2025-03-27,14:00,东城区,东三环,普通,7.5,17,39.929746,116.420111
2025-03-27,14:00,东城区,京藏高速,高速,8.0,8,39.929604,116.432426
2025-03-27,14:00,东城区,西直门桥,普通,8.5,17,39.933876,116.434042
2025-03-27,16:00,东城区,西直门桥,普通,9.3,61,39.925768,116.423219
2025-03-27,16:00,东城区,东三环,普通,7.9,27,39.940376,116.396064
2025-03-27,16:00,东城区,机场高速,高速,5.3,18,39.926443,116.413889
2025-03-27,16:00,东城区,阜石路,普通,4.1,16,39.913005,116.420743
2025-03-27,16:00,东城区,西二环,普通,6.6,5,39.928815,116.413746
2025-03-27,16:00,东城区,机场高速,高速,6.8,143,39.931934,116.422944
2025-03-27,16:00,东城区,阜石路,普通,4.6,82,39.942602,116.418171
2025-03-27,16:00,东城区,建国路,普通,7.1,25,39.943801,116.421062
2025-03-27,16:00,东城区,机场高速,高速,7.1,51,39.913819,116.409017
2025-03-27,16:00,东城区,北五环,高速,7.0,68,39.919697,116.426946
2025-03-27,16:00,东城区,机场高速,高速,5.2,49,39.940368,116.430653
2025-03-27,16:00,东城区,机场高速,高速,5.1,32,39.930099,116.407386
2025-03-27,16:00,东城区,西直门桥,普通,7.9,38,39.927561,116.421541
2025-03-27,16:00,东城区,阜石路,普通,6.9,14,39.923744,116.42158
2025-03-27,16:00,东城区,长安街,普通,4.6,16,39.916517,116.413209
2025-03-27,16:00,东城区,建国路,普通,6.8,55,39.928427,116.431248
2025-03-27,16:00,东城区,西二环,普通,7.9,68,39.921733,116.432595
2025-03-27,16:00,东城区,长安街,普通,7.4,100,39.945272,116.429128
2025-03-27,18:00,东城区,阜石路,普通,6.2,32,39.92878,116.408631
2025-03-27,18:00,东城区,长安街,普通,7.7,27,39.926829,116.422582
2025-03-27,18:00,东城区,西直门桥,普通,10.0,83,39.940634,116.391306
2025-03-27,18:00,东城区,南二环,高速,7.3,13,39.947684,116.407077
2025-03-27,18:00,东城区,东三环,普通,8.7,23,39.939898,116.411683
2025-03-27,18:00,东城区,机场高速,高速,7.6,35,39.928017,116.400929
2025-03-27,18:00,东城区,阜石路,普通,4.9,14,39.942689,116.43193
2025-03-27,18:00,东城区,阜石路,普通,4.2,37,39.934987,116.405897
2025-03-27,18:00,东城区,西二环,普通,8.1,59,39.930937,116.409901
2025-03-27,18:00,东城区,西直门桥,普通,6.7,18,39.914902,116.421091
2025-03-27,18:00,东城区,东三环,普通,6.5,91,39.934323,116.413145
2025-03-27,18:00,东城区,京藏高速,高速,7.7,18,39.936963,116.430035
2025-03-27,20:00,东城区,东三环,普通,8.5,10,39.933738,116.416573
2025-03-27,20:00,东城区,北五环,高速,7.5,5,39.925916,116.436713
2025-03-27,20:00,东城区,阜石路,普通,5.8,82,39.929961,116.396577
2025-03-27,20:00,东城区,北五环,高速,7.5,7,39.918667,116.402907
2025-03-27,20:00,东城区,西二环,普通,7.2,27,39.932963,116.394022
2025-03-27,20:00,东城区,京藏高速,高速,5.2,93,39.93111,116.417508
2025-03-27,20:00,东城区,机场高速,高速,10.0,7,39.930365,116.417913
2025-03-27,20:00,东城区,南二环,高速,6.5,20,39.918932,116.414458
2025-03-27,20:00,东城区,北五环,高速,7.2,37,39.919692,116.410351
2025-03-27,20:00,东城区,阜石路,普通,4.8,54,39.906765,116.425702
2025-03-27,20:00,东城区,西直门桥,普通,6.3,10,39.926738,116.414924
2025-03-27,20:00,东城区,西直门桥,普通,6.3,64,39.925155,116.416631
2025-03-27,20:00,东城区,京藏高速,高速,6.2,68,39.928067,116.412472
2025-03-27,22:00,东城区,北五环,高速,7.8,50,39.924772,116.421577
2025-03-27,22:00,东城区,京藏高速,高速,3.4,33,39.918029,116.430737
2025-03-27,22:00,东城区,西直门桥,普通,4.5,83,39.927496,116.423134
2025-03-27,22:00,东城区,建国路,普通,7.7,33,39.936236,116.413054
2025-03-27,22:00,东城区,长安街,普通,7.0,6,39.920665,116.40836
2025-03-27,22:00,东城区,东三环,普通,6.9,30,39.922881,116.426415
2025-03-27,22:00,东城区,东三环,普通,10.0,8,39.921879,116.404827
2025-03-27,22:00,东城区,北五环,高速,8.7,62,39.928044,116.413738
2025-03-27,22:00,东城区,北五环,高速,8.0,42,39.931794,116.416527
2025-03-27,22:00,东城区,西二环,普通,5.5,27,39.929234,116.42246
2025-03-27,6:00,丰台区,建国路,普通,6.4,98,39.847861,116.271817
2025-03-27,6:00,丰台区,东三环,普通,9.6,102,39.845263,116.289617
2025-03-27,6:00,丰台区,西二环,普通,9.1,29,39.865508,116.277528
2025-03-27,6:00,丰台区,长安街,普通,5.0,45,39.870132,116.300136
2025-03-27,6:00,丰台区,南二环,高速,5.8,45,39.864885,116.279616
2025-03-27,6:00,丰台区,机场高速,高速,4.0,25,39.866586,116.281957
2025-03-27,6:00,丰台区,西二环,普通,6.1,93,39.85224,116.301255
2025-03-27,6:00,丰台区,西二环,普通,6.6,75,39.857183,116.269888
2025-03-27,6:00,丰台区,长安街,普通,5.3,19,39.872724,116.307039
2025-03-27,6:00,丰台区,京藏高速,高速,6.8,15,39.861767,116.272254
2025-03-27,6:00,丰台区,西二环,普通,3.0,47,39.869125,116.298156
2025-03-27,6:00,丰台区,机场高速,高速,8.4,8,39.86861,116.305903
2025-03-27,6:00,丰台区,西直门桥,普通,5.8,68,39.864816,116.301283
2025-03-27,6:00,丰台区,京藏高速,高速,7.1,15,39.862813,116.280281
2025-03-27,6:00,丰台区,西二环,普通,7.6,9,39.844635,116.306545
2025-03-27,6:00,丰台区,西直门桥,普通,6.6,23,39.854707,116.277899
2025-03-27,6:00,丰台区,东三环,普通,6.8,41,39.859518,116.276717
2025-03-27,6:00,丰台区,南二环,高速,9.9,18,39.853276,116.267259
2025-03-27,6:00,丰台区,西二环,普通,7.4,47,39.864054,116.264817
2025-03-27,8:00,丰台区,西直门桥,普通,7.3,64,39.858114,116.277784
2025-03-27,8:00,丰台区,长安街,普通,4.7,9,39.861843,116.27203
2025-03-27,8:00,丰台区,建国路,普通,8.4,13,39.864984,116.28984
2025-03-27,8:00,丰台区,建国路,普通,8.5,25,39.878457,116.292617
2025-03-27,8:00,丰台区,南二环,高速,7.5,12,39.867527,116.277609
2025-03-27,8:00,丰台区,阜石路,普通,6.0,78,39.87145,116.302665
2025-03-27,8:00,丰台区,北五环,高速,6.7,7,39.859911,116.276528
2025-03-27,8:00,丰台区,京藏高速,高速,7.1,14,39.854947,116.283539
2025-03-27,8:00,丰台区,机场高速,高速,6.2,18,39.864728,116.294036
2025-03-27,8:00,丰台区,长安街,普通,5.9,42,39.856502,116.285357
2025-03-27,8:00,丰台区,京藏高速,高速,7.6,58,39.850291,116.295915
2025-03-27,8:00,丰台区,机场高速,高速,7.3,93,39.860608,116.283896
2025-03-27,8:00,丰台区,长安街,普通,7.4,22,39.847382,116.293593
2025-03-27,8:00,丰台区,机场高速,高速,4.6,19,39.861252,116.270506
2025-03-27,8:00,丰台区,西直门桥,普通,7.3,56,39.859998,116.264853
2025-03-27,8:00,丰台区,北五环,高速,6.9,9,39.863404,116.285767
2025-03-27,10:00,丰台区,阜石路,普通,5.4,21,39.874625,116.293945
2025-03-27,10:00,丰台区,南二环,高速,8.3,11,39.854599,116.302166
2025-03-27,10:00,丰台区,北五环,高速,8.3,14,39.851249,116.300904
2025-03-27,10:00,丰台区,机场高速,高速,6.2,21,39.857739,116.29238
2025-03-27,10:00,丰台区,南二环,高速,7.4,5,39.846803,116.282979
2025-03-27,10:00,丰台区,南二环,高速,7.5,91,39.844178,116.314206
2025-03-27,10:00,丰台区,西直门桥,普通,7.6,16,39.86415,116.275563
2025-03-27,10:00,丰台区,南二环,高速,7.1,11,39.841453,116.26853
2025-03-27,10:00,丰台区,北五环,高速,5.9,9,39.858241,116.282947
2025-03-27,10:00,丰台区,西直门桥,普通,7.2,24,39.865081,116.272317
2025-03-27,10:00,丰台区,西二环,普通,7.1,18,39.858939,116.307746
2025-03-27,10:00,丰台区,西直门桥,普通,7.8,35,39.857205,116.305055
2025-03-27,10:00,丰台区,西直门桥,普通,6.9,10,39.836039,116.285573
2025-03-27,10:00,丰台区,西直门桥,普通,8.0,8,39.870028,116.261762
2025-03-27,10:00,丰台区,长安街,普通,8.0,5,39.859203,116.282276
2025-03-27,12:00,丰台区,阜石路,普通,7.5,24,39.855479,116.311181
2025-03-27,12:00,丰台区,西二环,普通,6.4,18,39.842467,116.283867
2025-03-27,12:00,丰台区,南二环,高速,7.0,98,39.85896,116.275441
2025-03-27,12:00,丰台区,东三环,普通,7.1,15,39.856088,116.290812
2025-03-27,12:00,丰台区,长安街,普通,8.4,23,39.850123,116.286146
2025-03-27,12:00,丰台区,阜石路,普通,7.0,33,39.853589,116.283922
2025-03-27,12:00,丰台区,北五环,高速,8.6,104,39.847603,116.280256
2025-03-27,12:00,丰台区,东三环,普通,3.5,85,39.848397,116.289663
2025-03-27,12:00,丰台区,建国路,普通,4.7,30,39.852869,116.291868
2025-03-27,12:00,丰台区,西二环,普通,4.4,8,39.853123,116.28554
2025-03-27,12:00,丰台区,东三环,普通,6.7,39,39.860177,116.292567
2025-03-27,12:00,丰台区,西直门桥,普通,5.2,36,39.851741,116.283776
2025-03-27,12:00,丰台区,北五环,高速,7.1,6,39.861371,116.2841
2025-03-27,12:00,丰台区,南二环,高速,8.2,34,39.860063,116.293779
2025-03-27,14:00,丰台区,阜石路,普通,8.0,21,39.853713,116.287473
2025-03-27,14:00,丰台区,长安街,普通,8.4,31,39.849486,116.291124
2025-03-27,14:00,丰台区,南二环,高速,6.9,42,39.855694,116.292789
2025-03-27,14:00,丰台区,京藏高速,高速,6.1,17,39.873099,116.283095
2025-03-27,14:00,丰台区,西直门桥,普通,3.7,29,39.854597,116.292694
2025-03-27,14:00,丰台区,北五环,高速,9.0,40,39.85231,116.284952
2025-03-27,14:00,丰台区,建国路,普通,6.8,66,39.845552,116.281819
2025-03-27,14:00,丰台区,东三环,普通,7.0,7,39.860319,116.288189
2025-03-27,14:00,丰台区,机场高速,高速,7.8,49,39.847703,116.286939
2025-03-27,14:00,丰台区,西二环,普通,6.5,21,39.853256,116.295947
2025-03-27,14:00,丰台区,西直门桥,普通,7.5,12,39.858534,116.268648
2025-03-27,14:00,丰台区,京藏高速,高速,5.8,9,39.851377,116.289434
2025-03-27,14:00,丰台区,西二环,普通,7.2,18,39.849998,116.293872
2025-03-27,14:00,丰台区,北五环,高速,7.5,14,39.853355,116.2882
2025-03-27,14:00,丰台区,建国路,普通,6.9,38,39.840651,116.285902
2025-03-27,16:00,丰台区,阜石路,普通,4.6,12,39.861231,116.297134
2025-03-27,16:00,丰台区,长安街,普通,7.3,38,39.866702,116.281874
2025-03-27,16:00,丰台区,南二环,高速,9.6,11,39.87851,116.283608
2025-03-27,16:00,丰台区,北五环,高速,8.2,31,39.856465,116.299017
2025-03-27,16:00,丰台区,机场高速,高速,6.8,90,39.868262,116.279538
2025-03-27,16:00,丰台区,南二环,高速,6.2,8,39.880289,116.285999
2025-03-27,16:00,丰台区,京藏高速,高速,9.8,14,39.860178,116.279883
2025-03-27,16:00,丰台区,北五环,高速,7.1,55,39.854423,116.291509
2025-03-27,16:00,丰台区,阜石路,普通,7.6,55,39.860362,116.291745
2025-03-27,16:00,丰台区,南二环,高速,9.2,64,39.864111,116.293473
2025-03-27,16:00,丰台区,机场高速,高速,6.6,41,39.85137,116.288108
2025-03-27,16:00,丰台区,西二环,普通,3.6,77,39.857548,116.278882
2025-03-27,16:00,丰台区,建国路,普通,3.6,9,39.861503,116.301127
2025-03-27,16:00,丰台区,机场高速,高速,8.1,73,39.860159,116.274524
2025-03-27,16:00,丰台区,北五环,高速,7.2,127,39.861685,116.300417
2025-03-27,16:00,丰台区,南二环,高速,7.1,22,39.851584,116.301792
2025-03-27,16:00,丰台区,京藏高速,高速,8.3,20,39.854877,116.287787
2025-03-27,18:00,丰台区,西二环,普通,8.8,20,39.869762,116.2912
2025-03-27,18:00,丰台区,机场高速,高速,10.0,5,39.835771,116.282421
2025-03-27,18:00,丰台区,北五环,高速,9.2,5,39.854205,116.272693
2025-03-27,18:00,丰台区,北五环,高速,8.4,51,39.864195,116.302631
2025-03-27,18:00,丰台区,京藏高速,高速,7.8,32,39.867311,116.30042
2025-03-27,18:00,丰台区,西二环,普通,6.2,5,39.856193,116.297386
2025-03-27,18:00,丰台区,京藏高速,高速,6.3,302,39.865912,116.275616
2025-03-27,18:00,丰台区,北五环,高速,5.1,74,39.840975,116.280308
2025-03-27,18:00,丰台区,南二环,高速,7.2,9,39.838259,116.29956
2025-03-27,18:00,丰台区,建国路,普通,8.0,16,39.865578,116.298387
2025-03-27,18:00,丰台区,阜石路,普通,5.7,105,39.840759,116.273929
2025-03-27,20:00,丰台区,阜石路,普通,6.1,77,39.841897,116.272105
2025-03-27,20:00,丰台区,机场高速,高速,6.5,15,39.856262,116.275515
2025-03-27,20:00,丰台区,西二环,普通,4.8,33,39.879964,116.283056
2025-03-27,20:00,丰台区,西直门桥,普通,7.2,16,39.852974,116.264163
2025-03-27,20:00,丰台区,机场高速,高速,6.8,31,39.840343,116.291812
2025-03-27,20:00,丰台区,机场高速,高速,4.1,68,39.853577,116.282517
2025-03-27,20:00,丰台区,东三环,普通,4.5,53,39.862053,116.287764
2025-03-27,20:00,丰台区,机场高速,高速,7.4,7,39.854972,116.292617
2025-03-27,20:00,丰台区,阜石路,普通,7.1,52,39.858272,116.282965
2025-03-27,20:00,丰台区,阜石路,普通,9.1,8,39.849413,116.289113
2025-03-27,20:00,丰台区,南二环,高速,6.0,33,39.855352,116.269517
2025-03-27,20:00,丰台区,建国路,普通,6.9,46,39.856349,116.274278
2025-03-27,20:00,丰台区,京藏高速,高速,5.0,123,39.869563,116.272602
2025-03-27,22:00,丰台区,西直门桥,普通,7.5,61,39.854482,116.290795
2025-03-27,22:00,丰台区,机场高速,高速,8.3,20,39.870775,116.299405
2025-03-27,22:00,丰台区,机场高速,高速,9.1,11,39.867579,116.293397
2025-03-27,22:00,丰台区,北五环,高速,7.7,42,39.877786,116.281611
2025-03-27,22:00,丰台区,阜石路,普通,6.6,24,39.846612,116.282474
2025-03-27,22:00,丰台区,西二环,普通,6.8,23,39.860188,116.274806
2025-03-27,22:00,丰台区,西二环,普通,7.4,40,39.8505,116.276065
2025-03-27,22:00,丰台区,京藏高速,高速,6.5,5,39.855428,116.294817
2025-03-27,22:00,丰台区,西二环,普通,7.3,5,39.857788,116.296418
2025-03-27,22:00,丰台区,西二环,普通,5.1,19,39.866657,116.278329
2025-03-27,22:00,丰台区,长安街,普通,5.0,23,39.867748,116.297372
2025-03-27,22:00,丰台区,京藏高速,高速,4.9,30,39.879838,116.28582
2025-03-27,22:00,丰台区,京藏高速,高速,8.0,19,39.864416,116.277271
2025-03-27,22:00,丰台区,长安街,普通,6.6,10,39.852286,116.29211
2025-03-27,22:00,丰台区,长安街,普通,5.7,5,39.877019,116.269813
2025-03-27,22:00,丰台区,阜石路,普通,7.4,13,39.854835,116.287366
